{
  "meta": {
    "d": 12,
    "k": 4,
    "seeds": 200,
    "Ts": [
      200,
      500,
      1000,
      2000,
      5000,
      10000,
      20000,
      50000
    ],
    "mode": "bursts",
    "c_eps": 3.0,
    "lam": 0.01,
    "noise_model": "uniform",
    "noise": 0.0,
    "theta_params": {
      "low_min": 0.02,
      "low_max": 0.035,
      "high_min": 0.195,
      "high_max": 0.23,
      "drift_std": 0.0025,
      "burst_prob": 5e-05,
      "burst_len": 500,
      "burst_gap": 0.0
    },
    "eps_grid": [
      0.0,
      0.001,
      0.01,
      0.05,
      0.1
    ],
    "covariance": {
      "p": 0.3333333333333333,
      "rho": 0.09090909090909091,
      "alpha": 0.2424242424242424,
      "lam_min": 0.2424242424242424,
      "cond": 5.5
    }
  },
  "curve": {
    "T": [
      200,
      500,
      1000,
      2000,
      5000,
      10000,
      20000,
      50000
    ],
    "R_mean": [
      74.02737679001508,
      153.11414454375205,
      259.094455793569,
      410.6899158086529,
      699.6906022529143,
      936.8482274855351,
      1165.121367520934,
      1325.3028200415854
    ],
    "R_std": [
      16.666927137685892,
      44.84933683739122,
      79.99390552896557,
      153.25751197819014,
      348.46029245784877,
      564.5064354451209,
      815.3062720707778,
      856.4059231007869
    ],
    "R_ci95": [
      2.3099182513175585,
      6.215800961050036,
      11.086589678413011,
      21.24040749356113,
      48.294132611153714,
      78.23660039123143,
      112.99568437013356,
      118.6918053918867
    ],
    "R_over_sqrtT_mean": [
      5.23452601216713,
      6.84747271033116,
      8.193286094294871,
      9.183305694218134,
      9.895119391710702,
      9.36848227485535,
      8.238652198793961,
      5.9269343927703115
    ],
    "R_over_sqrtT_std": [
      1.1785297200599787,
      2.005723318283844,
      2.529629404038676,
      3.4269421484572136,
      4.927972715423848,
      5.64506435445121,
      5.765085937251712,
      3.829963720773634
    ],
    "R_over_sqrtT_ci95": [
      0.1633358859493217,
      0.27797906967032804,
      0.350588748674988,
      0.47494995025398595,
      0.6829821732173834,
      0.7823660039123145,
      0.799000146629362,
      0.5308058904568694
    ],
    "wrong_policy_all_mean": [
      0.9322750000000001,
      0.8725399999999999,
      0.8250200000000001,
      0.7113,
      0.517305,
      0.34277450000000004,
      0.19850550000000003,
      0.0740115
    ],
    "wrong_policy_all_std": [
      0.1644220863735684,
      0.22949424052067363,
      0.2503748137027433,
      0.30031495192840263,
      0.33243550955798234,
      0.2847031980054362,
      0.20713962250328646,
      0.09345432437007575
    ],
    "wrong_policy_all_ci95": [
      0.022787738561311728,
      0.031806279008223276,
      0.034700178807075543,
      0.04162152884405597,
      0.04607321101066831,
      0.039457850139287494,
      0.028708087018001104,
      0.012952108552684407
    ],
    "wrong_policy_exploit_mean": [
      0.9248572990128449,
      0.8610349108352223,
      0.8142826102855723,
      0.6989496955610902,
      0.5063635351789614,
      0.33284496849715156,
      0.19099567380616908,
      0.06995907694924945
    ],
    "wrong_policy_exploit_std": [
      0.18602807396733187,
      0.2500147862363083,
      0.2653353695542662,
      0.3117481510315725,
      0.33902447302818245,
      0.28758535595166573,
      0.20777838907085194,
      0.09288115683976401
    ],
    "wrong_policy_exploit_ci95": [
      0.02578217566830111,
      0.03465028154594134,
      0.0367736060636902,
      0.043206089396891405,
      0.046986394757819024,
      0.03985729685122049,
      0.028796615547619184,
      0.012872671585786288
    ],
    "explore_mean": [
      75.83,
      124.68,
      181.635,
      261.09,
      413.995,
      592.845,
      842.025,
      1331.74
    ],
    "explore_std": [
      6.4380386538559025,
      8.289219250260814,
      11.477825464212927,
      15.27509550587386,
      19.290296855253914,
      23.554938988538453,
      28.58425569027177,
      34.00653794662988
    ],
    "explore_ci95": [
      0.8922666347777936,
      1.1488271759498923,
      1.5907454509280363,
      2.1170202286332103,
      2.6734987446205083,
      3.2645479894892633,
      3.9615757226172197,
      4.713065703000969
    ],
    "tau_mean": [
      194.96,
      471.45,
      910.27,
      1647.075,
      3323.01,
      4544.14,
      5658.66,
      5603.615
    ],
    "tau_std": [
      24.31386890450649,
      81.46607334054858,
      197.84755590323684,
      528.9661950945106,
      1666.3415106304744,
      3238.1163223369426,
      5129.127350856726,
      6310.384359975876
    ],
    "tau_ci95": [
      3.3697303095344253,
      11.290621727565531,
      27.420272290391207,
      73.31097437967583,
      230.943150860131,
      448.7800259198781,
      710.8607833465958,
      874.5746522751647
    ],
    "lock_rate": [
      0.11,
      0.185,
      0.305,
      0.48,
      0.7,
      0.87,
      0.965,
      1.0
    ],
    "min_gamma_mean": [
      0.15798989500551225,
      0.1578322182722538,
      0.15296119449825352,
      0.14170320131100517,
      0.11685515207564283,
      0.0896291611867368,
      0.05521678273903149,
      0.016005561751274936
    ],
    "min_gamma_std": [
      0.01954170200849836,
      0.019525165174005456,
      0.03328485394942268,
      0.051203449121317975,
      0.07124020092110023,
      0.07964131802540614,
      0.07626388816191301,
      0.048125704541114006
    ],
    "min_gamma_ci95": [
      0.002708341721202649,
      0.002706049832872028,
      0.00461304540393436,
      0.0070964359943895645,
      0.009873388116222811,
      0.011037723543526223,
      0.010569635645872467,
      0.00666988235795878
    ],
    "explore_min_prefix_avg_mean": [
      0.16428349365347772,
      0.16383407769557237,
      0.16325777759542193,
      0.16261076465468172,
      0.16210303631780765,
      0.1621555557913109,
      0.1619361482579043,
      0.16212229894064534
    ],
    "explore_min_prefix_avg_std": [
      0.012477375031275937,
      0.01511814986471128,
      0.015859368423873425,
      0.016382794742310636,
      0.016416944551790217,
      0.016231981574713002,
      0.016898587036371825,
      0.016526247911857736
    ],
    "explore_min_prefix_avg_ci95": [
      0.0017292759532204934,
      0.002095268672513039,
      0.0021979963237399145,
      0.0022705395103867327,
      0.0022752724325111437,
      0.002249637871740633,
      0.0023420246752343618,
      0.0022904211053447468
    ],
    "explore_final_prefix_avg_mean": [
      0.1741436883943081,
      0.1763528503867715,
      0.17746174609788476,
      0.1780906370211909,
      0.17838650513462817,
      0.17883585179379824,
      0.17917549355430398,
      0.17966072811524905
    ],
    "explore_final_prefix_avg_std": [
      0.013439448635208148,
      0.016435234013654286,
      0.013625746636514533,
      0.010683721030821476,
      0.008453275713110973,
      0.00640907604702906,
      0.005338523069770176,
      0.003367562954136925
    ],
    "explore_final_prefix_avg_ci95": [
      0.0018626125520113386,
      0.0022778072226027775,
      0.0018884321377002067,
      0.0014806881914830427,
      0.0011715642416761421,
      0.0008882526222629259,
      0.0007398815493744418,
      0.0004667204137847931
    ]
  },
  "slope_fit": {
    "points_used": [
      5000,
      10000,
      20000,
      50000
    ],
    "slope_loglog": 0.2761632052448194
  },
  "margin_diagnostics_at_Tmax": {
    "Tmax": 50000,