{
  "meta": {
    "d": 12,
    "k": 4,
    "seeds": 200,
    "Ts": [
      200,
      500,
      1000,
      2000,
      5000,
      10000,
      20000,
      50000
    ],
    "mode": "bursts",
    "c_eps": 3.0,
    "lam": 0.01,
    "noise_model": "uniform",
    "noise": 0.02,
    "theta_params": {
      "low_min": 0.02,
      "low_max": 0.035,
      "high_min": 0.195,
      "high_max": 0.23,
      "drift_std": 0.0025,
      "burst_prob": 5e-05,
      "burst_len": 500,
      "burst_gap": 0.0
    },
    "eps_grid": [
      0.0,
      0.001,
      0.01,
      0.05,
      0.1
    ],
    "covariance": {
      "p": 0.3333333333333333,
      "rho": 0.09090909090909091,
      "alpha": 0.2424242424242424,
      "lam_min": 0.2424242424242424,
      "cond": 5.5
    }
  },
  "curve": {
    "T": [
      200,
      500,
      1000,
      2000,
      5000,
      10000,
      20000,
      50000
    ],
    "R_mean": [
      73.42143207459281,
      152.19070568941663,
      254.2158563724619,
      410.07244288861443,
      662.2043056821714,
      961.4582276095311,
      1150.010534467386,
      1416.991520784439
    ],
    "R_std": [
      14.475674612278203,
      42.01331585393848,
      84.74385385321231,
      169.03776384437558,
      338.5797652539226,
      564.8980061027338,
      808.2808312320052,
      1003.2784158194801
    ],
    "R_ci95": [
      2.0062261453960053,
      5.822748505928628,
      11.744898929803679,
      23.42743882182976,
      46.924761404785215,
      78.29086931562455,
      112.02200794598103,
      139.047294363834
    ],
    "R_over_sqrtT_mean": [
      5.191679250437207,
      6.806175269303992,
      8.039011234672097,
      9.169498579983422,
      9.364983101575856,
      9.614582276095312,
      8.131802473578544,
      6.336978728029624
    ],
    "R_over_sqrtT_std": [
      1.0235847680591863,
      1.8788926041915213,
      2.6798359587658735,
      3.7797993072057987,
      4.788240959671961,
      5.648980061027339,
      5.715408568672502,
      4.486797476261316
    ],
    "R_over_sqrtT_ci95": [
      0.14186161120032637,
      0.260401229502835,
      0.3714063150665368,
      0.5238534574432891,
      0.6636163398976881,
      0.7829086931562454,
      0.792115214607365,
      0.6218384045699125
    ],
    "wrong_policy_all_mean": [
      0.9454,
      0.8895700000000001,
      0.80155,
      0.6936025000000001,
      0.491336,
      0.3604155,
      0.20006274999999998,
      0.08327499999999999
    ],
    "wrong_policy_all_std": [
      0.13398263594088727,
      0.21588856957319857,
      0.27068655963649024,
      0.31617146887790504,
      0.33443401389849886,
      0.29067565669786255,
      0.2122212263642239,
      0.1106931943317058
    ],
    "wrong_policy_all_ci95": [
      0.018569045965269766,
      0.029920629219071,
      0.03751524317142373,
      0.04381912997361051,
      0.04635018958106466,
      0.04028559068347465,
      0.029412361381678135,
      0.015341294035257295
    ],
    "wrong_policy_exploit_mean": [
      0.9378505973412663,
      0.8797963712708179,
      0.790593021227894,
      0.6812798889387495,
      0.4791844572427523,
      0.35047597994290053,
      0.19267192909338518,
      0.07913246561665715
    ],
    "wrong_policy_exploit_std": [
      0.15482400658223555,
      0.23473134240661955,
      0.28603942849939,
      0.32702974267059265,
      0.34151738629872264,
      0.29404979762353095,
      0.2124006941803971,
      0.11024195564461282
    ],
    "wrong_policy_exploit_ci95": [
      0.021457512569174806,
      0.032532104298657445,
      0.03964304223741408,
      0.045324009943645265,
      0.047331894910006764,
      0.04075322275760161,
      0.029437234352003013,
      0.015278755543884172
    ],
    "explore_mean": [
      75.915,
      125.4,
      180.125,
      259.92,
      414.835,
      592.57,
      843.205,
      1331.38
    ],
    "explore_std": [
      6.1536258053901705,
      9.178848309096683,
      11.645922572420533,
      14.441133323194943,
      18.61856681247925,
      22.046663622517176,
      29.475702880533785,
      34.230017095405586
    ],
    "explore_ci95": [
      0.8528490250316803,
      1.2721234730376083,
      1.61404252152988,
      2.001438966966633,
      2.5804017104194608,
      3.055511688604051,
      4.0851239998647975,
      4.744038332825376
    ],
    "tau_mean": [
      198.42,
      467.105,
      884.045,
      1607.765,
      3174.475,
      4692.525,
      5714.35,
      5959.115
    ],
    "tau_std": [
      12.36113214635692,
      90.20019039189256,
      227.80901587419194,
      575.5935540573416,
      1676.2551254516763,
      3218.2343998904416,
      5260.218774469023,
      6860.86096548484
    ],
    "tau_ci95": [
      1.7131655113110724,
      12.501108592923279,
      31.572718788254694,
      79.77319663511753,
      232.3171077762951,
      446.02453205162874,
      729.02912772656,
      950.8668174405931
    ],
    "lock_rate": [
      0.065,
      0.2,
      0.365,
      0.49,
      0.755,
      0.88,
      0.975,
      1.0
    ],
    "min_gamma_mean": [
      0.15798989500551225,
      0.1578322182722538,
      0.15296119449825352,
      0.14170320131100517,
      0.11685515207564283,
      0.0896291611867368,
      0.05521678273903149,
      0.016005561751274936
    ],
    "min_gamma_std": [
      0.01954170200849836,
      0.019525165174005456,
      0.03328485394942268,
      0.051203449121317975,
      0.07124020092110023,
      0.07964131802540614,
      0.07626388816191301,
      0.048125704541114006
    ],
    "min_gamma_ci95": [
      0.002708341721202649,
      0.002706049832872028,
      0.00461304540393436,
      0.0070964359943895645,
      0.009873388116222811,
      0.011037723543526223,
      0.010569635645872467,
      0.00666988235795878
    ],
    "explore_min_prefix_avg_mean": [
      0.16413872001600502,
      0.16378617269493137,
      0.16325952803427904,
      0.16246430353603977,
      0.1621407145762243,
      0.1622297106932765,
      0.16190907166942975,
      0.16205439451547005
    ],
    "explore_min_prefix_avg_std": [
      0.013024076908638672,
      0.015282166795635448,
      0.015824816313943623,
      0.01681745306561804,
      0.01633406764461086,
      0.01606882957233746,
      0.016417471667461173,
      0.01629095831784881
    ],
    "explore_min_prefix_avg_ci95": [
      0.0018050449677555322,
      0.0021180002593938724,
      0.0021932076456177237,
      0.0023307800805770613,
      0.0022637862791893668,
      0.002227026157840826,
      0.002275345487015963,
      0.002257811631321344
    ],
    "explore_final_prefix_avg_mean": [
      0.1740210212854945,
      0.17626567566984996,
      0.17739829952384015,
      0.17797475634973917,
      0.17834237286942084,
      0.17888132847762622,
      0.17926065623950463,
      0.17959810877107948
    ],
    "explore_final_prefix_avg_std": [
      0.01404066283899854,
      0.016616209162317732,
      0.013550433119043755,
      0.011289270499877685,
      0.008271100057032686,
      0.0062544620866195584,
      0.00515379794502365,
      0.003434541971185052
    ],
    "explore_final_prefix_avg_ci95": [
      0.0019459365895387263,
      0.0023028890985526264,
      0.0018779942167121613,
      0.0015646130661221,
      0.0011463159838872494,
      0.0008668242206080793,
      0.0007142799532551372,
      0.0004760032319465733
    ]
  },
  "slope_fit": {
    "points_used": [
      5000,
      10000,
      20000,
      50000
    ],
    "slope_loglog": 0.31984707150150293
  },
  "margin_diagnostics_at_Tmax": {
    "Tmax": 50000,