{
  "meta": {
    "d": 12,
    "k": 4,
    "seeds": 200,
    "Ts": [
      200,
      500,
      1000,
      2000,
      5000,
      10000,
      20000,
      50000
    ],
    "mode": "bursts",
    "c_eps": 1.0,
    "lam": 0.01,
    "noise_model": "uniform",
    "noise": 0.02,
    "theta_params": {
      "low_min": 0.02,
      "low_max": 0.035,
      "high_min": 0.195,
      "high_max": 0.23,
      "drift_std": 0.0025,
      "burst_prob": 5e-05,
      "burst_len": 500,
      "burst_gap": 0.0
    },
    "eps_grid": [
      0.0,
      0.001,
      0.01,
      0.05,
      0.1
    ],
    "covariance": {
      "p": 0.3333333333333333,
      "rho": 0.09090909090909091,
      "alpha": 0.2424242424242424,
      "lam_min": 0.2424242424242424,
      "cond": 5.5
    }
  },
  "curve": {
    "T": [
      200,
      500,
      1000,
      2000,
      5000,
      10000,
      20000,
      50000
    ],
    "R_mean": [
      81.02522704258332,
      185.61624244414725,
      340.61160329210105,
      597.6529041465434,
      1237.878612246618,
      1962.7372921034269,
      3164.911803575191,
      5611.959761249097
    ],
    "R_std": [
      20.275996228360988,
      59.85705641511657,
      107.89131982278015,
      213.97605278920256,
      518.2350220821836,
      923.9221295106406,
      1658.0869604008037,
      3818.5382518461847
    ],
    "R_ci95": [
      2.8101097079638353,
      8.295764776626953,
      14.952974040059466,
      29.655567916000056,
      71.82370967908375,
      128.04907420079675,
      229.79912856529415,
      529.2224012517297
    ],
    "R_over_sqrtT_mean": [
      5.729348748899029,
      8.301010716663898,
      10.771084638847455,
      13.363925206218369,
      17.50624722010753,
      19.627372921034265,
      22.379305981653644,
      25.097447026292944
    ],
    "R_over_sqrtT_std": [
      1.4337294428386913,
      2.67688894154481,
      3.411823104016595,
      4.7846499959374045,
      7.328949967253444,
      9.239221295106406,
      11.724445334963988,
      17.077022211622563
    ],
    "R_over_sqrtT_ci95": [
      0.19870476303793763,
      0.3709978793177245,
      0.4728545575995777,
      0.663118657715379,
      1.0157406432810798,
      1.2804907420079674,
      1.6249252211927876,
      2.366754528829075
    ],
    "wrong_policy_all_mean": [
      0.9901750000000001,
      0.9669,
      0.9584950000000001,
      0.9301750000000001,
      0.874478,
      0.7755355,
      0.6844255,
      0.5042532
    ],
    "wrong_policy_all_std": [
      0.04541095848750354,
      0.12020765115825584,
      0.13626843142125783,
      0.15961486113289192,
      0.21969701181628531,
      0.28436216643259915,
      0.3205421395713125,
      0.3140843479863491
    ],
    "wrong_policy_all_ci95": [
      0.006293637750592133,
      0.01665993047576389,
      0.01888584105624658,
      0.022121491134302524,
      0.03044845238489641,
      0.03941058557468814,
      0.04442487402719629,
      0.04352986977583775
    ],
    "wrong_policy_exploit_mean": [
      0.9899815846079835,
      0.9658031494286837,
      0.9579672149408057,
      0.9292732619838605,
      0.8733668539987894,
      0.7742355359835706,
      0.683161951399507,
      0.5029923085177856
    ],
    "wrong_policy_exploit_std": [
      0.047857514822343475,
      0.12499557298390174,
      0.13835482600357704,
      0.16194209662405973,
      0.2217794993945716,
      0.2860421495401355,
      0.3217086697609033,
      0.31474955702237345
    ],
    "wrong_policy_exploit_ci95": [
      0.006632713159276497,
      0.017323502585942126,
      0.019175000592694783,
      0.022444029517758188,
      0.03073707043821164,
      0.039643419354421235,
      0.04458654686306991,
      0.04362206304461251
    ],
    "explore_mean": [
      27.375,
      43.52,
      62.055,
      88.495,
      139.465,
      199.01,
      282.31,
      446.4
    ],
    "explore_std": [
      4.4613780911688945,
      5.687825312359689,
      7.587478113352487,
      9.537546801718713,
      11.772072180252948,
      13.164590087078444,
      16.880719577889348,
      22.521681346055544
    ],
    "explore_ci95": [
      0.6183154575337135,
      0.7882923703205097,
      1.051570816306987,
      1.3218365477983565,
      1.6315259651857754,
      1.8245191007344164,
      2.3395483718274783,
      3.1213457862896155
    ],
    "tau_mean": [
      200.645,
      494.775,
      978.26,
      1939.81,
      4719.475,
      8622.115,
      16032.94,
      31102.45
    ],
    "tau_std": [
      3.4333532548900823,
      42.955795614613194,
      104.36085636726321,
      239.88211908201154,
      788.6557161194226,
      2365.869521919741,
      5758.468766876787,
      16191.425437433849
    ],
    "tau_ci95": [
      0.47583848427336967,
      5.953369536589844,
      14.46367676863451,
      33.2459655253047,
      109.30210575835699,
      327.89278694099676,
      798.0830536046644,
      2244.0170778816237
    ],
    "lock_rate": [
      0.015,
      0.035,
      0.08,
      0.1,
      0.215,
      0.37,
      0.495,
      0.8
    ],
    "min_gamma_mean": [
      0.15798989500551225,
      0.1578322182722538,
      0.15296119449825352,
      0.14170320131100517,
      0.11685515207564283,
      0.0896291611867368,
      0.05521678273903149,
      0.016005561751274936
    ],
    "min_gamma_std": [
      0.01954170200849836,
      0.019525165174005456,
      0.03328485394942268,
      0.051203449121317975,
      0.07124020092110023,
      0.07964131802540614,
      0.07626388816191301,
      0.048125704541114006
    ],
    "min_gamma_ci95": [
      0.002708341721202649,
      0.002706049832872028,
      0.00461304540393436,
      0.0070964359943895645,
      0.009873388116222811,
      0.011037723543526223,
      0.010569635645872467,
      0.00666988235795878
    ],
    "explore_min_prefix_avg_mean": [
      0.16445684849001668,
      0.16403301460917658,
      0.16367927984694958,
      0.16268833095596505,
      0.16176895439907477,
      0.1626601327408487,
      0.1622185121377054,
      0.16200779542305582
    ],
    "explore_min_prefix_avg_std": [
      0.011788293795810345,
      0.014285237071497606,
      0.015261234558178774,
      0.016204000505800405,
      0.017046939809786443,
      0.015065042050532673,
      0.015390276813233277,
      0.016546265065478627
    ],
    "explore_min_prefix_avg_ci95": [
      0.001633774166400813,
      0.0019798328488062292,
      0.002115099199291872,
      0.002245759893440335,
      0.002362585320643866,
      0.00208790830498726,
      0.002132983543399166,
      0.002293195341297562
    ],
    "explore_final_prefix_avg_mean": [
      0.17369714720779916,
      0.17602522631680997,
      0.17722603165317094,
      0.17778063435476546,
      0.1775383842377623,
      0.1786589134111568,
      0.17908352096215246,
      0.1791806426750577
    ],
    "explore_final_prefix_avg_std": [
      0.012715201604709134,
      0.015516657207758782,
      0.012956655257122165,
      0.01107256599434486,
      0.009321237378931256,
      0.006396134190379885,
      0.0050706857778547,
      0.003887101503154592
    ],
    "explore_final_prefix_avg_ci95": [
      0.0017622370346534041,
      0.0021504989724588576,
      0.001795700803586253,
      0.001534579353948416,
      0.001291857591299595,
      0.0008864589724417619,
      0.0007027611945622993,
      0.0005387247830800426
    ]
  },
  "slope_fit": {
    "points_used": [
      5000,
      10000,
      20000,
      50000
    ],
    "slope_loglog": 0.6584896181030312
  },
  "margin_diagnostics_at_Tmax": {
    "Tmax": 50000,