{
  "meta": {
    "d": 12,
    "k": 4,
    "seeds": 200,
    "Ts": [
      200,
      500,
      1000,
      2000,
      5000,
      10000,
      20000,
      50000
    ],
    "mode": "bursts",
    "c_eps": 5.0,
    "lam": 0.01,
    "noise_model": "uniform",
    "noise": 0.0,
    "theta_params": {
      "low_min": 0.02,
      "low_max": 0.035,
      "high_min": 0.195,
      "high_max": 0.23,
      "drift_std": 0.0025,
      "burst_prob": 5e-05,
      "burst_len": 500,
      "burst_gap": 0.0
    },
    "eps_grid": [
      0.0,
      0.001,
      0.01,
      0.05,
      0.1
    ],
    "covariance": {
      "p": 0.3333333333333333,
      "rho": 0.09090909090909091,
      "alpha": 0.2424242424242424,
      "lam_min": 0.2424242424242424,
      "cond": 5.5
    }
  },
  "curve": {
    "T": [
      200,
      500,
      1000,
      2000,
      5000,
      10000,
      20000,
      50000
    ],
    "R_mean": [
      78.32059724627504,
      153.85938856878315,
      237.90368546639132,
      359.55834455231184,
      558.947846133048,
      742.5353047955228,
      887.707092684544,
      1367.8001858618993
    ],
    "R_std": [
      11.006164718382673,
      32.75942225335036,
      58.56313811802728,
      110.94116478623471,
      215.85934853556012,
      315.3215289289787,
      280.06248278573923,
      392.12837170444226
    ],
    "R_ci95": [
      1.525376606616005,
      4.540224286127115,
      8.116436849801008,
      15.375660986883833,
      29.91657938987298,
      43.70133430651902,
      38.81467982381243,
      54.346219622658644
    ],
    "R_over_sqrtT_mean": [
      5.538102541942152,
      6.880801036327064,
      7.523175098220941,
      8.039969002962602,
      7.904716246605863,
      7.425353047955228,
      6.27703704944636,
      6.116988390448107
    ],
    "R_over_sqrtT_std": [
      0.7782533707224516,
      1.4650459012422146,
      1.8519290337999292,
      2.480719859650267,
      3.0527121826401,
      3.1532152892897867,
      1.9803408073373694,
      1.753651390074876
    ],
    "R_over_sqrtT_ci95": [
      0.10786041424015018,
      0.20304500273751366,
      0.25666426930293146,
      0.3438102316566375,
      0.4230843231296978,
      0.43701334306519024,
      0.27446123313002446,
      0.24304368279279542
    ],
    "wrong_policy_all_mean": [
      0.924975,
      0.8038,
      0.6499600000000001,
      0.5081625,
      0.29493,
      0.171284,
      0.06943225,
      0.0379462
    ],
    "wrong_policy_all_std": [
      0.1640003198152293,
      0.2698125908308474,
      0.30692281844530894,
      0.32952949531897124,
      0.25281177517738707,
      0.1869143848942665,
      0.0815449479743423,
      0.04623045868375689
    ],
    "wrong_policy_all_ci95": [
      0.022729284698589786,
      0.03739411727469668,
      0.04253733241981884,
      0.04567045798524094,
      0.035037924435980895,
      0.025905012095769453,
      0.011301553194095685,
      0.006407214683199206
    ],
    "wrong_policy_exploit_mean": [
      0.9062529479641609,
      0.7737941993661462,
      0.6136835228121951,
      0.4771580874153266,
      0.27034840627135254,
      0.15420274332721112,
      0.05903298825958897,
      0.03261055205314825
    ],
    "wrong_policy_exploit_std": [
      0.21098735574720595,
      0.3084380512961741,
      0.335389713341026,
      0.34695440555472024,
      0.25793718135456944,
      0.1871243613479356,
      0.07863352173296916,
      0.04427590434229071
    ],
    "wrong_policy_exploit_ci95": [
      0.02924135563871969,
      0.042747332978907815,
      0.04648264276615575,
      0.048085427334336885,
      0.03574826949096823,
      0.025934113347528123,
      0.010898050103408599,
      0.006136327271905729
    ],
    "explore_mean": [
      116.49,
      198.38,
      292.0,
      422.45,
      680.135,
      978.02,
      1390.965,
      2207.525
    ],
    "explore_std": [
      6.621868748974357,
      9.978146976539637,
      13.106828171743844,
      17.24687722079991,
      21.111971763878287,
      30.09264756025846,
      30.49859993491422,
      44.5035075688383
    ],
    "explore_ci95": [
      0.9177441861193014,
      1.3829006165942959,
      1.8165137076970423,
      2.3902952320754047,
      2.925970006097622,
      4.170628170128252,
      4.226890298811995,
      6.167871469748431
    ],
    "tau_mean": [
      194.14,
      438.23,
      765.875,
      1255.475,
      2063.815,
      2501.16,
      2060.445,
      2562.93
    ],
    "tau_std": [
      23.82980693359605,
      116.81079104484573,
      277.6497909364154,
      659.5991240116871,
      1474.0692049152226,
      2472.2111203369323,
      2360.6946867384136,
      2732.7256434394503
    ],
    "tau_ci95": [
      3.302642743113947,
      16.189149682860748,
      38.48029779336864,
      91.4157746368606,
      204.295568823828,
      342.63098055214715,
      327.17559137554184,
      378.7364513852877
    ],
    "lock_rate": [
      0.14,
      0.365,
      0.615,
      0.74,
      0.93,
      0.985,
      1.0,
      1.0
    ],
    "min_gamma_mean": [
      0.15798989500551225,
      0.1578322182722538,
      0.15296119449825352,
      0.14170320131100517,
      0.11685515207564283,
      0.0896291611867368,
      0.05521678273903149,
      0.016005561751274936
    ],
    "min_gamma_std": [
      0.01954170200849836,
      0.019525165174005456,
      0.03328485394942268,
      0.051203449121317975,
      0.07124020092110023,
      0.07964131802540614,
      0.07626388816191301,
      0.048125704541114006
    ],
    "min_gamma_ci95": [
      0.002708341721202649,
      0.002706049832872028,
      0.00461304540393436,
      0.0070964359943895645,
      0.009873388116222811,
      0.011037723543526223,
      0.010569635645872467,
      0.00666988235795878
    ],
    "explore_min_prefix_avg_mean": [
      0.16404986703090615,
      0.1636879400532582,
      0.1630923322538157,
      0.16230107461697238,
      0.1619728052551473,
      0.1618470027086061,
      0.16191734681212439,
      0.16190673817424828
    ],
    "explore_min_prefix_avg_std": [
      0.013755437169263958,
      0.015659430138400078,
      0.01648704463406996,
      0.017032225615422242,
      0.017028982721146408,
      0.017084944559733094,
      0.017070727319162853,
      0.016871388982719452
    ],
    "explore_min_prefix_avg_ci95": [
      0.0019064063285121181,
      0.0021702862911144195,
      0.002284987808245325,
      0.0023605460373473997,
      0.0023600965951309093,
      0.002367852510259163,
      0.002365882101244635,
      0.0023382552173125183
    ],
    "explore_final_prefix_avg_mean": [
      0.1741557531018413,
      0.17653405610556938,
      0.1774754883525716,
      0.17804026192929137,
      0.17852186723109398,
      0.1787886901591904,
      0.1793216254410536,
      0.17968334131493977
    ],
    "explore_final_prefix_avg_std": [
      0.014785971751883738,
      0.017053567079213024,
      0.014128997299355163,
      0.011230603705641232,
      0.00815804849087755,
      0.006521677209564768,
      0.005192643194328068,
      0.0034856750777849665
    ],
    "explore_final_prefix_avg_ci95": [
      0.0020492311348691864,
      0.002363503813325714,
      0.001958179121141129,
      0.001556482263267226,
      0.0011306478361930463,
      0.0009038583472002296,
      0.0007196636301383441,
      0.0004830899189648805
    ]
  },
  "slope_fit": {
    "points_used": [
      5000,
      10000,
      20000,
      50000
    ],
    "slope_loglog": 0.37899411291781593
  },
  "margin_diagnostics_at_Tmax": {
    "Tmax": 50000,