{
  "meta": {
    "d": 12,
    "k": 4,
    "seeds": 200,
    "Ts": [
      200,
      500,
      1000,
      2000,
      5000,
      10000,
      20000,
      50000
    ],
    "mode": "bursts",
    "c_eps": 5.0,
    "lam": 0.01,
    "noise_model": "uniform",
    "noise": 0.02,
    "theta_params": {
      "low_min": 0.02,
      "low_max": 0.035,
      "high_min": 0.195,
      "high_max": 0.23,
      "drift_std": 0.0025,
      "burst_prob": 5e-05,
      "burst_len": 500,
      "burst_gap": 0.0
    },
    "eps_grid": [
      0.0,
      0.001,
      0.01,
      0.05,
      0.1
    ],
    "covariance": {
      "p": 0.3333333333333333,
      "rho": 0.09090909090909091,
      "alpha": 0.2424242424242424,
      "lam_min": 0.2424242424242424,
      "cond": 5.5
    }
  },
  "curve": {
    "T": [
      200,
      500,
      1000,
      2000,
      5000,
      10000,
      20000,
      50000
    ],
    "R_mean": [
      77.47772002982958,
      152.12870558825279,
      242.14111454027585,
      359.2884443652029,
      555.8048602697098,
      710.6984267358639,
      909.36036641124,
      1346.7830572133325
    ],
    "R_std": [
      10.704847137119444,
      34.47298444658072,
      57.52688701892968,
      116.90445205513313,
      227.75401382099815,
      274.4346593094802,
      305.8885150368108,
      305.69822723120944
    ],
    "R_ci95": [
      1.4836161204356213,
      4.777711889703459,
      7.972819774680959,
      16.202130436620124,
      31.56509589259536,
      38.03470328370925,
      42.39398528084398,
      42.36761273649128
    ],
    "R_over_sqrtT_mean": [
      5.478502122396528,
      6.803402540487706,
      7.657174371189871,
      8.033933851307449,
      7.860267714263066,
      7.106984267358638,
      6.430148816316712,
      6.022996933748
    ],
    "R_over_sqrtT_std": [
      0.7569470002222558,
      1.5416787321969492,
      1.8191598967899167,
      2.6140630166764267,
      3.2209281523056488,
      2.744346593094802,
      2.162958432696121,
      1.3671240333803232
    ],
    "R_over_sqrtT_ci95": [
      0.10490750194377053,
      0.21366577124571826,
      0.2521226986202229,
      0.3622906503660094,
      0.4463978670891563,
      0.3803470328370925,
      0.2997707447360745,
      0.18947372424636075
    ],
    "wrong_policy_all_mean": [
      0.9201999999999999,
      0.76968,
      0.67435,
      0.503125,
      0.288264,
      0.1516795,
      0.0760965,
      0.035464699999999995
    ],
    "wrong_policy_all_std": [
      0.15518172197192184,
      0.26945666082006864,
      0.2976311458751837,
      0.32933981377856286,
      0.2669441819658693,
      0.15955057051766555,
      0.08464918270968175,
      0.03550556318374593
    ],
    "wrong_policy_all_ci95": [
      0.02150708939282007,
      0.03734478789194379,
      0.04124957230197032,
      0.04564416946495717,
      0.03699657608820692,
      0.022112580909623855,
      0.011731778178719341,
      0.004920820001426537
    ],
    "wrong_policy_exploit_mean": [
      0.9025177437350587,
      0.7332131095736011,
      0.6422118663006994,
      0.4709439612781568,
      0.26436808002747897,
      0.13437500638634314,
      0.06544441537325633,
      0.030134725947599222
    ],
    "wrong_policy_exploit_std": [
      0.19523566447180718,
      0.30929222805217876,
      0.3244697864902211,
      0.3480890402335518,
      0.27230822855270403,
      0.15870390364466588,
      0.08261409267659652,
      0.03347288091081195
    ],
    "wrong_policy_exploit_ci95": [
      0.02705828260638537,
      0.04286571583750237,
      0.04496921811820777,
      0.048242679677948846,
      0.0377399950165726,
      0.021995238867712257,
      0.011449729090026277,
      0.004639104611265434
    ],
    "explore_mean": [
      116.175,
      198.755,
      291.54,
      421.335,
      680.66,
      975.76,
      1387.695,
      2207.23
    ],
    "explore_std": [
      6.4195348067970155,
      10.40607548671332,
      12.52127435837858,
      16.178115840876032,
      22.576601041185633,
      27.968798121151156,
      33.53063513359554,
      43.65438841789796
    ],
    "explore_ci95": [
      0.8897021324140515,
      1.4422084822700418,
      1.7353600895497192,
      2.2421724619093695,
      3.1289572677036634,
      3.876277655368296,
      4.647108938169631,
      6.0501895594540365
    ],
    "tau_mean": [
      195.74,
      438.005,
      802.205,
      1274.01,
      1998.535,
      2215.575,
      2216.95,
      2542.295
    ],
    "tau_std": [
      21.798123564994626,
      111.80301672020614,
      261.4548261278182,
      650.9994634460425,
      1564.4211730889626,
      2274.8704318672567,
      2453.07396891837,
      2405.3337586345756
    ],
    "tau_ci95": [
      3.021065794030196,
      15.495107570874259,
      36.235790183670275,
      90.2239224896941,
      216.81771274411173,
      315.28095650404504,
      339.978706682178,
      333.36225110249717
    ],
    "lock_rate": [
      0.13,
      0.375,
      0.555,
      0.725,
      0.925,
      0.995,
      1.0,
      1.0
    ],
    "min_gamma_mean": [
      0.15798989500551225,
      0.1578322182722538,
      0.15296119449825352,
      0.14170320131100517,
      0.11685515207564283,
      0.0896291611867368,
      0.05521678273903149,
      0.016005561751274936
    ],
    "min_gamma_std": [
      0.01954170200849836,
      0.019525165174005456,
      0.03328485394942268,
      0.051203449121317975,
      0.07124020092110023,
      0.07964131802540614,
      0.07626388816191301,
      0.048125704541114006
    ],
    "min_gamma_ci95": [
      0.002708341721202649,
      0.002706049832872028,
      0.00461304540393436,
      0.0070964359943895645,
      0.009873388116222811,
      0.011037723543526223,
      0.010569635645872467,
      0.00666988235795878
    ],
    "explore_min_prefix_avg_mean": [
      0.16399630780151955,
      0.16367442664930118,
      0.16305869829469322,
      0.16226804665116162,
      0.16202405127202252,
      0.16190254689914912,
      0.16191284418975577,
      0.16195571868655645
    ],
    "explore_min_prefix_avg_std": [
      0.013797226542741133,
      0.01571274641499274,
      0.01650106239368661,
      0.017133770555974995,
      0.01688685761113353,
      0.0169072753804225,
      0.016900046802969644,
      0.016965157762813057
    ],
    "explore_min_prefix_avg_ci95": [
      0.0019121980401880989,
      0.0021776755500567723,
      0.0022869305706101927,
      0.002374619448095167,
      0.00234039905983378,
      0.002343228818285482,
      0.002342226988562974,
      0.002351250907205003
    ],
    "explore_final_prefix_avg_mean": [
      0.17411570088052516,
      0.17647357984017314,
      0.1775093608356082,
      0.1780400980640132,
      0.17862416409556445,
      0.178712934166456,
      0.17920833698337837,
      0.17969148383723357
    ],
    "explore_final_prefix_avg_std": [
      0.014859758565328389,
      0.01709761188541226,
      0.013845469813806981,
      0.011127533099043848,
      0.007954114368810467,
      0.006694111794862191,
      0.005139297771451585,
      0.0034701635921147956
    ],
    "explore_final_prefix_avg_ci95": [
      0.002059457465474363,
      0.0023696081120290614,
      0.001918884216435086,
      0.001542197405993486,
      0.0011023840088697702,
      0.0009277565614569096,
      0.0007122703317271441,
      0.0004809401367309639
    ]
  },
  "slope_fit": {
    "points_used": [
      5000,
      10000,
      20000,
      50000
    ],
    "slope_loglog": 0.3831703134863811
  },
  "margin_diagnostics_at_Tmax": {
    "Tmax": 50000,