{
  "meta": {
    "d": 12,
    "k": 4,
    "seeds": 200,
    "Ts": [
      200,
      500,
      1000,
      2000,
      5000,
      10000,
      20000,
      50000
    ],
    "mode": "constant",
    "c_eps": 5.0,
    "lam": 0.01,
    "noise_model": "uniform",
    "noise": 0.0,
    "theta_params": {
      "low_min": 0.02,
      "low_max": 0.035,
      "high_min": 0.195,
      "high_max": 0.23,
      "drift_std": 0.0025,
      "burst_prob": 5e-05,
      "burst_len": 500,
      "burst_gap": 0.0
    },
    "eps_grid": [
      0.0,
      0.001,
      0.01,
      0.05,
      0.1
    ],
    "covariance": {
      "p": 0.3333333333333333,
      "rho": 0.09090909090909091,
      "alpha": 0.2424242424242424,
      "lam_min": 0.2424242424242424,
      "cond": 5.5
    }
  },
  "curve": {
    "T": [
      200,
      500,
      1000,
      2000,
      5000,
      10000,
      20000,
      50000
    ],
    "R_mean": [
      78.02978937675287,
      155.1555944895129,
      246.4823099608833,
      371.02917283142074,
      578.4127458199118,
      717.5619011026783,
      903.7243144553786,
      1356.3892022513696
    ],
    "R_std": [
      9.0030418671585,
      30.04411864533246,
      62.360632392528345,
      116.24449993024032,
      237.90009558554868,
      263.41396293105714,
      277.0379942942063,
      368.3699236614048
    ],
    "R_ci95": [
      1.2477579432925374,
      4.163902405662003,
      8.6427427045923,
      16.110665738557167,
      32.97127108335999,
      36.50731269176338,
      38.395507104703654,
      51.05346671720544
    ],
    "R_over_sqrtT_mean": [
      5.517539320285998,
      6.938769127358853,
      7.794455024159992,
      8.296464520865747,
      8.17999149787981,
      7.175619011026783,
      6.39029591074562,
      6.065956920361548
    ],
    "R_over_sqrtT_std": [
      0.6366111955574171,
      1.3436138323006455,
      1.9720163468886498,
      2.599306038544869,
      3.3644154166693867,
      2.6341396293105714,
      1.9589544441175337,
      1.6474003803466188
    ],
    "R_over_sqrtT_ci95": [
      0.08822981029815329,
      0.18621537661470286,
      0.2733075217731547,
      0.36024543754190674,
      0.46628418734767546,
      0.3650731269176338,
      0.27149723440832224,
      0.22831804413338877
    ],
    "wrong_policy_all_mean": [
      0.899125,
      0.7882100000000001,
      0.671245,
      0.51627,
      0.293282,
      0.14627700000000002,
      0.06700075,
      0.0322063
    ],
    "wrong_policy_all_std": [
      0.20685697575156953,
      0.2666718305823295,
      0.3090126194346264,
      0.31179147554271835,
      0.25348819340747397,
      0.14861981468696542,
      0.07745704604389927,
      0.041299242261412426
    ],
    "wrong_policy_all_ci95": [
      0.028668914176776503,
      0.036958830112214285,
      0.04282696406019068,
      0.043212093867793476,
      0.03513167121979378,
      0.020597655441632896,
      0.010734998891630683,
      0.005723782955138511
    ],
    "wrong_policy_exploit_mean": [
      0.8747425728073231,
      0.7546009473102515,
      0.6372323083921675,
      0.482882926009354,
      0.26836495271530175,
      0.1282809925259593,
      0.056743853864279166,
      0.027193021820112774
    ],
    "wrong_policy_exploit_std": [
      0.25688968766318765,
      0.3060186589020646,
      0.33769328176283114,
      0.33162051992075237,
      0.258395267152005,
      0.14809007585097153,
      0.07458129751374096,
      0.03949785363573745
    ],
    "wrong_policy_exploit_ci95": [
      0.0356030942720527,
      0.04241202230033553,
      0.04680190106114492,
      0.04596025920964822,
      0.03581175694341968,
      0.02052423738468782,
      0.010336440479444896,
      0.005474123229036161
    ],
    "explore_mean": [
      116.195,
      197.96,
      291.095,
      422.29,
      681.625,
      978.165,
      1389.465,
      2210.14
    ],
    "explore_std": [
      6.51299242681571,
      9.998914513950323,
      13.570436941895785,
      16.9917479232549,
      23.91997493738288,
      30.303287298666582,
      33.93177865976193,
      48.13580453666439
    ],
    "explore_ci95": [
      0.9026546977203312,
      1.3857788504344977,
      1.880766605114673,
      2.354936115426211,
      3.315139390870996,
      4.199821348461738,
      4.702704594455574,
      6.6712821459261304
    ],
    "tau_mean": [
      192.625,
      448.685,
      786.575,
      1263.645,
      1978.795,
      2188.28,
      1967.055,
      2343.915
    ],
    "tau_std": [
      28.696197198728992,
      101.25228839153519,
      285.2541745452245,
      669.1579490515633,
      1500.3511156814704,
      1946.286623213162,
      2074.7422875561842,
      2665.5469967219988
    ],
    "tau_ci95": [
      3.977090024163585,
      14.032851227532854,
      39.53421159180906,
      92.74056019801155,
      207.9380558195973,
      269.74156400371197,
      287.54461078611166,
      369.42596596289803
    ],
    "lock_rate": [
      0.15,
      0.39,
      0.55,
      0.725,
      0.94,
      0.985,
      1.0,
      1.0
    ],
    "min_gamma_mean": [
      0.16041792119018466,
      0.16025617975682485,
      0.16015439532749784,
      0.16010893123340408,
      0.16006977067670175,
      0.16004998084587477,
      0.1600348742298925,
      0.1600226846303032
    ],
    "min_gamma_std": [
      0.00025056621955806474,
      0.000151548809483631,
      9.619563156505864e-05,
      5.8696132795024355e-05,
      3.709669990946938e-05,
      2.8144659412609152e-05,
      1.7323315154151724e-05,
      1.1719973960897244e-05
    ],
    "min_gamma_ci95": [
      3.472670630521384e-05,
      2.1003593409858234e-05,
      1.3332034346434429e-05,
      8.134868971642412e-06,
      5.1413403008631235e-06,
      3.900650786868978e-06,
      2.400888989153944e-06,
      1.6243055203637197e-06
    ],
    "explore_min_prefix_avg_mean": [
      0.1653808085001085,
      0.16537964008869843,
      0.16537926991703059,
      0.16538137025801497,
      0.16537949566389173,
      0.165381730550994,
      0.16538244771816657,
      0.1653791908082044
    ],
    "explore_min_prefix_avg_std": [
      0.0030120612560442894,
      0.003007117749947195,
      0.0030113692849487207,
      0.003017394322951934,
      0.003007051359939356,
      0.00301767400957756,
      0.0030164231408452724,
      0.0030080288119049645
    ],
    "explore_min_prefix_avg_ci95": [
      0.0004174503921416446,
      0.0004167652571515625,
      0.0004173544898406485,
      0.00041818951750552836,
      0.00041675605596591225,
      0.0004182282800942074,
      0.0004180549185326644,
      0.0004168915238968928
    ],
    "explore_final_prefix_avg_mean": [
      0.17566917871916657,
      0.1781680776597705,
      0.18010163515333866,
      0.18123278714597774,
      0.18233662550509383,
      0.18302266408664258,
      0.18355437462949775,
      0.18395028997039858
    ],
    "explore_final_prefix_avg_std": [
      0.0027461853994097435,
      0.0022194140885531378,
      0.0017332067074634042,
      0.0013596784368193843,
      0.0010403202989171466,
      0.0007210531840418273,
      0.0005119029281218312,
      0.00038779243061827154
    ],
    "explore_final_prefix_avg_ci95": [
      0.0003806018783903509,
      0.00030759509944626933,
      0.00024021019434489484,
      0.00018844181720998983,
      0.00014418103744218478,
      9.993287282229703e-05,
      7.094612622970253e-05,
      5.374528884706673e-05
    ]
  },
  "slope_fit": {
    "points_used": [
      5000,
      10000,
      20000,
      50000
    ],
    "slope_loglog": 0.36912780377647064
  },