{
  "meta": {
    "d": 12,
    "k": 4,
    "seeds": 200,
    "Ts": [
      200,
      500,
      1000,
      2000,
      5000,
      10000,
      20000,
      50000
    ],
    "mode": "bursts",
    "c_eps": 1.0,
    "lam": 0.01,
    "noise_model": "uniform",
    "noise": 0.0,
    "theta_params": {
      "low_min": 0.02,
      "low_max": 0.035,
      "high_min": 0.195,
      "high_max": 0.23,
      "drift_std": 0.0025,
      "burst_prob": 5e-05,
      "burst_len": 500,
      "burst_gap": 0.0
    },
    "eps_grid": [
      0.0,
      0.001,
      0.01,
      0.05,
      0.1
    ],
    "covariance": {
      "p": 0.3333333333333333,
      "rho": 0.09090909090909091,
      "alpha": 0.2424242424242424,
      "lam_min": 0.2424242424242424,
      "cond": 5.5
    }
  },
  "curve": {
    "T": [
      200,
      500,
      1000,
      2000,
      5000,
      10000,
      20000,
      50000
    ],
    "R_mean": [
      78.53825077008865,
      182.6413102190342,
      335.77599594650195,
      585.6235387374546,
      1251.896275745113,
      1977.642328712734,
      3114.406389853668,
      5410.724073210835
    ],
    "R_std": [
      20.37546715108999,
      55.34723556801925,
      108.41037069342724,
      203.26014040512953,
      524.505758475386,
      895.9800925344208,
      1703.846147262887,
      3742.172706025532
    ],
    "R_ci95": [
      2.8238956745063772,
      7.670735495654835,
      15.024910820580873,
      28.170418230577784,
      72.69278940351042,
      124.1765054508909,
      236.14102830631938,
      518.6386765731658
    ],
    "R_over_sqrtT_mean": [
      5.5534929702059275,
      8.167967702987749,
      10.618169308024113,
      13.0949404184093,
      17.704486918431066,
      19.776423287127344,
      22.022178776362423,
      24.197493670387956
    ],
    "R_over_sqrtT_std": [
      1.4407630992379474,
      2.4752036219357048,
      3.4282369337439773,
      4.545034910620212,
      7.417631571786776,
      8.959800925344208,
      12.048011648281603,
      16.735505108434854
    ],
    "R_over_sqrtT_ci95": [
      0.19967957808068185,
      0.34304572011409507,
      0.4751293983394504,
      0.6299097011817125,
      1.0280312866117562,
      1.241765054508909,
      1.6697692243176292,
      2.319422673156253
    ],
    "wrong_policy_all_mean": [
      0.9798,
      0.9736,
      0.9626349999999999,
      0.9376825,
      0.866846,
      0.794144,
      0.6638937500000001,
      0.4910581
    ],
    "wrong_policy_all_std": [
      0.08887747763157298,
      0.08361745868528249,
      0.12187753048526184,
      0.1515249384710095,
      0.22139339343640413,
      0.2797609253285804,
      0.32154948187629234,
      0.32320776288998965
    ],
    "wrong_policy_all_ci95": [
      0.012317789957096027,
      0.011588788524142047,
      0.016891363942958166,
      0.021000285056298137,
      0.030683558882521396,
      0.03877288609252905,
      0.044564484547862444,
      0.0447943105708425
    ],
    "wrong_policy_exploit_mean": [
      0.9789691166628675,
      0.9730172546101863,
      0.9619408126039088,
      0.9368804133632613,
      0.865651626308247,
      0.7928999028702964,
      0.6625323543114944,
      0.48981484686645405
    ],
    "wrong_policy_exploit_std": [
      0.09293917859557728,
      0.08585809691426247,
      0.12486196190276314,
      0.15388271567379214,
      0.22340637911425126,
      0.2814038185273054,
      0.3227537209575584,
      0.323841290570455
    ],
    "wrong_policy_exploit_ci95": [
      0.012880712990876703,
      0.011899325139377968,
      0.017304985034845233,
      0.02132705630502661,
      0.030962544463875866,
      0.039000579473159463,
      0.04473138356948693,
      0.04488211302775209
    ],
    "explore_mean": [
      26.94,
      43.545,
      62.52,
      88.33,
      139.24,
      198.795,
      282.71,
      446.675
    ],
    "explore_std": [
      4.676080478693248,
      5.631745536593847,
      8.173962829723937,
      9.377675832534441,
      11.18336884366546,
      13.731926449704735,
      16.904874263636117,
      22.298779176533838
    ],
    "explore_ci95": [
      0.6480716903081745,
      0.7805201099331458,
      1.132853451028657,
      1.2996795618990438,
      1.5499358453897762,
      1.9031479090228616,
      2.342896040476916,
      3.090453121710057
    ],
    "tau_mean": [
      199.065,
      497.515,
      980.69,
      1954.71,
      4709.155,
      8620.565,
      15918.64,
      31383.4
    ],
    "tau_std": [
      11.549359876973234,
      22.257961705791534,
      101.84999266089872,
      193.70278714758783,
      772.7943494278007,
      2590.9470525118027,
      5527.648860957997,
      15952.188568992768
    ],
    "tau_ci95": [
      1.6006596147248344,
      3.084796108880915,
      14.11568881296703,
      26.84583664805158,
      107.10383248883667,
      359.0869411831731,
      766.093046745893,
      2210.860539532657
    ],
    "lock_rate": [
      0.045,
      0.045,
      0.06,
      0.085,
      0.265,
      0.345,
      0.51,
      0.795
    ],
    "min_gamma_mean": [
      0.15798989500551225,
      0.1578322182722538,
      0.15296119449825352,
      0.14170320131100517,
      0.11685515207564283,
      0.0896291611867368,
      0.05521678273903149,
      0.016005561751274936
    ],
    "min_gamma_std": [
      0.01954170200849836,
      0.019525165174005456,
      0.03328485394942268,
      0.051203449121317975,
      0.07124020092110023,
      0.07964131802540614,
      0.07626388816191301,
      0.048125704541114006
    ],
    "min_gamma_ci95": [
      0.002708341721202649,
      0.002706049832872028,
      0.00461304540393436,
      0.0070964359943895645,
      0.009873388116222811,
      0.011037723543526223,
      0.010569635645872467,
      0.00666988235795878
    ],
    "explore_min_prefix_avg_mean": [
      0.16445702072487123,
      0.16394290534624623,
      0.16367180547266094,
      0.16276896629261292,
      0.16182851443774968,
      0.16260746211199753,
      0.16205441902355994,
      0.162044730491643
    ],
    "explore_min_prefix_avg_std": [
      0.01211207853499337,
      0.015793126726258103,
      0.015462575613790275,
      0.016063527763759678,
      0.016826029266656713,
      0.015238797926689923,
      0.016573277770669703,
      0.01641544897541391
    ],
    "explore_min_prefix_avg_ci95": [
      0.0016786484418061358,
      0.0021888156928380185,
      0.0021430036459396855,
      0.0022262913646604377,
      0.002331968681399669,
      0.002111989640814413,
      0.002296939111233247,
      0.0022750651562004395
    ],
    "explore_final_prefix_avg_mean": [
      0.17373094360090213,
      0.17584791261513225,
      0.17716114285045031,
      0.17771957646283382,
      0.17769239324815156,
      0.17874357146756986,
      0.17910438867372477,
      0.17933558323876972
    ],
    "explore_final_prefix_avg_std": [
      0.012980592903454102,
      0.017022994343964593,
      0.013665566951939875,
      0.011085989234933013,
      0.009029997884526549,
      0.00617572112590976,
      0.005228925432070198,
      0.003852171533820635
    ],
    "explore_final_prefix_avg_ci95": [
      0.0017990183921074566,
      0.0023592666483966507,
      0.001893950951853191,
      0.001536439720179711,
      0.0012514938566967847,
      0.000855911280222171,
      0.0007246920917417844,
      0.0005338837363162376
    ]
  },
  "slope_fit": {
    "points_used": [
      5000,
      10000,
      20000,
      50000
    ],
    "slope_loglog": 0.6364011948569505
  },
  "margin_diagnostics_at_Tmax": {
    "Tmax": 50000,